100 brightest,http://celestrak.com/NORAD/elements/visual.txt
Amateur radio,http://celestrak.com/NORAD/elements/amateur.txt
Cosmos 2251 debris,http://celestrak.com/NORAD/elements/cosmos-2251-debris.txt
CubeSats,http://celestrak.com/NORAD/elements/cubesat.txt
Disaster monitoring,http://celestrak.com/NORAD/elements/dmc.txt
Earth resources,http://celestrak.com/NORAD/elements/resource.txt
Education,http://celestrak.com/NORAD/elements/education.txt
Engineering,http://celestrak.com/NORAD/elements/engineering.txt
Experimental communications,http://celestrak.com/NORAD/elements/x-comm.txt
Galileo,http://celestrak.com/NORAD/elements/galileo.txt
Geodetic,http://celestrak.com/NORAD/elements/geodetic.txt
Geostationary,http://celestrak.com/NORAD/elements/geo.txt
Globalstar,http://celestrak.com/NORAD/elements/globalstar.txt
Glonass operational,http://celestrak.com/NORAD/elements/glo-ops.txt
GOES,http://celestrak.com/NORAD/elements/goes.txt
Gorizont,http://celestrak.com/NORAD/elements/gorizont.txt
GPS operational,http://celestrak.com/NORAD/elements/gps-ops.txt
Intelsat,http://celestrak.com/NORAD/elements/intelsat.txt
Iridium,http://celestrak.com/NORAD/elements/iridium.txt
Iridium 33 debris,http://celestrak.com/NORAD/elements/iridium-33-debris.txt
Last 30 days launches,http://celestrak.com/NORAD/elements/tle-new.txt
Miscellaneous military,http://celestrak.com/NORAD/elements/military.txt
Molniya,http://celestrak.com/NORAD/elements/molniya.txt
Russian LEO navigation,http://celestrak.com/NORAD/elements/musson.txt
Navy navigation satellite system,http://celestrak.com/NORAD/elements/nnss.txt
NOAA,http://celestrak.com/NORAD/elements/noaa.txt
Orbcomm,http://celestrak.com/NORAD/elements/orbcomm.txt
Other,http://celestrak.com/NORAD/elements/other.txt
Other communications,http://celestrak.com/NORAD/elements/other-comm.txt
Radar calibration,http://celestrak.com/NORAD/elements/radar.txt
Raduga,http://celestrak.com/NORAD/elements/raduga.txt
Satellite-based augmentation system,http://celestrak.com/NORAD/elements/sbas.txt
Search & rescue,http://celestrak.com/NORAD/elements/sarsat.txt
Space & Earth science,http://celestrak.com/NORAD/elements/science.txt
Space stations,http://celestrak.com/NORAD/elements/stations.txt
Tracking & data relay satellite system,http://celestrak.com/NORAD/elements/tdrss.txt
Weather,http://celestrak.com/NORAD/elements/weather.txt
