Earth,A Coruna,43.363056N,8.387927W,0,20,2
Earth,Aalborg,57.061111N,10.005301E,0,30,2
Earth,Aberdeen,57.142223N,2.074617W,0,20,2
Earth,Abidjan,5.233056N,3.966667W,0,30,3
Earth,Abidjan,5.283333N,4.021260W,0,75,3
Earth,Abu Dhabi,24.525000N,54.372673E,0,30,2
Earth,Acapulco,16.844444N,99.902473W,0,30,2
Earth,Adelaide,34.799168S,138.507950E,0,50,3
Earth,Aden,12.795555N,44.989693E,0,50,3
Earth,Agadir,30.423889N,9.634923W,0,10,1
Earth,Aguadilla,18.429445N,67.157066W,0,10,1
Earth,Ahus,55.925556N,14.305477E,0,5,1
Earth,Ajaccio,41.919998N,8.738811E,0,30,2
Earth,Akita,39.762222N,140.039871E,0,10,1
Earth,Al Fujayrah,25.178333N,56.356537E,0,10,1
Earth,Al Hoceima,35.247776N,3.919847W,0,10,1
Earth,Al Kuwayt,29.379999N,47.959999E,0,10,1
Earth,Albany,35.031666S,117.886688E,0,20,2
Earth,Alesund,62.472500N,6.171614E,0,20,2
Earth,Alexandria,31.334923N,30.167658E,0,10,1
Earth,Alexandria,38.801109N,77.037224W,0,5,1
Earth,Alexandroupolis,40.841389N,25.889164E,0,10,1
Earth,Algeciras,36.147778N,5.400353W,0,5,1
Earth,Alger,36.759998N,3.060000E,0,10,1
Earth,Alghero,40.562778N,8.307951E,0,5,1
Earth,Alicante,38.335278N,0.488280W,0,30,2
Earth,Alleppey,9.491944N,76.310425E,0,5,1
Earth,Almeria,36.832222N,2.471260W,0,20,2
Earth,Alotau,10.312778S,150.451065E,0,20,2
Earth,Alta,69.967781N,23.237043E,0,10,1
Earth,Amagasaki,34.691387N,135.383331E,0,5,1
Earth,Ambriz,7.833055S,13.093758E,0,10,1
Earth,Amderma,69.756111N,61.559189E,0,10,1
Earth,Amsterdam,52.413055N,4.824087E,0,75,3
Earth,Anadyr,64.744164N,177.538635E,0,10,1
Earth,Anchorage,61.235554N,149.887756W,0,50,3
Earth,Ancona,43.618332N,13.492344E,0,20,2
Earth,Ancud,41.868610S,73.825676W,0,10,1
Earth,Andenes,69.324165N,16.123734E,0,10,1
Earth,Annapolis,38.965000N,76.474266W,0,10,1
Earth,Antalaha,14.900000S,50.276207E,0,10,1
Earth,Antofagasta,23.650278S,70.403709W,0,30,2
Earth,Antwerpen,51.297779N,4.293757E,0,30,2
Earth,Aomori,40.831390N,140.742874E,0,20,2
Earth,Apalachicola,29.727501N,84.986687W,0,10,1
Earth,Apia,13.828333S,171.757950W,0,30,2
Earth,Aracaju,10.925278S,37.039516W,0,10,1
Earth,Arcachon,44.659168N,1.142344W,0,5,1
Earth,Arecibo,18.481388N,66.700356W,0,10,1
Earth,Arendal,58.454166N,8.757421E,0,5,1
Earth,Argentia,47.293056N,53.986866W,0,20,2
Earth,Arica,18.473055S,70.321968W,0,20,2
Earth,Arkhangelsk,64.542503N,40.556362E,0,20,2
Earth,Arrecife,28.948965N,13.623955W,0,5,1
Earth,Assab,13.000000N,42.750000E,0,10,1
Earth,Astoria,46.189445N,123.826210W,0,20,2
Earth,Auckland,36.836388S,174.769501E,0,75,3
Earth,Aveiro,40.643612N,8.719670W,0,5,1
Earth,Aviles,43.578609N,5.920023W,0,5,1
Earth,Bagnoli,40.803333N,14.160070E,0,5,1
Earth,Bahia Blanca,38.791389S,62.270908W,0,20,2
Earth,Bakar,45.299721N,14.540753E,0,5,1
Earth,Balboa,8.955556N,79.568787W,0,5,1
Earth,Baltimore,39.232498N,76.555656W,0,5,3
Earth,Baltimore,39.232498N,76.555656W,0,75,3
Earth,Bandar Abbas,27.140833N,56.204239E,0,30,2
Earth,Bandirma,40.354168N,27.957243E,0,10,1
Earth,Banes,20.919167N,75.703354W,0,5,1
Earth,Bangkok,13.606944N,100.569138E,0,50,3
Earth,Bangkok,13.695833N,100.584923E,0,5,3
Earth,Bangor,44.791943N,68.769844W,0,20,2
Earth,Banjarmasin,3.321944S,114.555298E,0,20,2
Earth,Banjul,13.444445N,16.570377W,0,30,2
Earth,Bantry,51.680557N,9.456183W,0,10,1
Earth,Baracoa,20.353056N,74.502296W,0,10,1
Earth,Barahona,18.212223N,71.086517W,0,20,2
Earth,Barcelona,41.354721N,2.168787E,0,75,3
Earth,Bari,41.136944N,16.855301E,0,20,2
Earth,Barletta,41.325554N,16.287750E,0,5,1
Earth,Barranquilla,10.967222N,74.756187W,0,30,2
Earth,Barrow Island,20.725834S,115.470909E,0,20,2
Earth,Basse-Terre,15.996388N,61.727089W,0,30,2
Earth,Bassein,16.779722N,94.723381E,0,10,1
Earth,Basseterre,17.278828N,62.750004W,0,5,1
Earth,Bastia,42.700001N,9.451943E,0,30,2
Earth,Bata,1.824167N,9.738104E,0,30,2
Earth,Bathurst,47.616665N,65.650002W,0,20,2
Earth,Batsfjord,70.634163N,29.717728E,0,20,2
Earth,Batumi,41.648888N,41.650532E,0,20,2
Earth,Bay City,43.599998N,83.860001W,0,20,2
Earth,Bayonne,40.662498N,74.102470W,0,5,1
Earth,Bayonne,43.519722N,1.493757W,0,20,2
Earth,Beaumont,30.077778N,94.084213W,0,20,2
Earth,Beihai,21.458611N,109.070557E,0,20,2
Earth,Beira,19.819166S,34.833511E,0,30,2
Earth,Beirut,33.904999N,35.519493E,0,50,3
Earth,Bejaia,36.750000N,5.080000E,0,10,1
Earth,Belawan,3.780000N,98.680000E,0,10,1
Earth,Belem,1.451667S,48.484745W,0,30,2
Earth,Belfast,54.620556N,5.891107W,0,30,2
Earth,Belize City,17.479723N,88.201942W,0,30,2
Earth,Bellingham,48.740555N,122.500351W,0,30,2
Earth,Berbera,10.440833N,45.000000E,0,20,2
Earth,Berdyansk,46.751389N,36.773205E,0,5,1
Earth,Bergen,60.396946N,5.319670E,0,30,2
Earth,Bhavnagar,21.770000N,72.206009E,0,30,2
Earth,Bilbao,43.342499N,3.026914W,0,30,2
Earth,Bissau,11.858334N,15.572674W,0,50,3
Earth,Bluefields,12.011945N,83.756889W,0,20,2
Earth,Bocas del Toro,9.340000N,82.237572W,0,10,1
Earth,Bodo,67.288887N,14.372674E,0,20,2
Earth,Bombay,18.830000N,72.830002E,0,10,1
Earth,Bonanza,36.799999N,6.330000W,0,10,1
Earth,Bora-Bora,16.516666S,151.750000W,0,10,1
Earth,Bordeaux,44.865276N,0.553180W,0,30,2
Earth,Boston,42.363609N,71.035454W,0,75,3
Earth,Botany Bay,33.973057S,151.209534E,0,5,1
Earth,Boulogne-sur-Mer,50.723610N,1.575501E,0,20,2
Earth,Bowen,20.020834S,148.250534E,0,10,1
Earth,Bremen,53.097500N,8.751060E,0,30,2
Earth,Bremerhaven,53.563610N,8.553003E,0,75,3
Earth,Bremerton,47.562500N,122.637749W,0,10,1
Earth,Brest,48.380554N,4.471437W,0,20,2
Earth,Bridgeport,41.172501N,73.176384W,0,20,2
Earth,Bridgetown,13.106944N,59.624088W,0,50,3
Earth,Brindisi,40.646389N,17.956007E,0,5,1
Earth,Brisbane,27.382500S,153.168427E,0,50,3
Earth,Bristol,51.498890N,2.707774W,0,10,1
Earth,Bronnoysund,65.472504N,12.201943E,0,10,1
Earth,Broome,18.002501S,122.209190E,0,30,2
Earth,Brownsville,25.957222N,97.384567W,0,30,2
Earth,Brownsville,47.651390N,122.608658W,0,5,1
Earth,Brussel (Bruxelles),50.886112N,4.386160E,0,20,2
Earth,Buchanan,5.858056N,10.052650W,0,10,1
Earth,Buenaventura,3.883055N,77.053360W,0,20,2
Earth,Buenos Aires,34.599167S,58.369671W,0,75,3
Earth,Buffalo,42.880001N,78.879997W,0,30,2
Earth,Buka,5.431944S,154.671967E,0,10,1
Earth,Bunbury,33.315277S,115.651237E,0,20,2
Earth,Bundaberg,24.767221S,152.388458E,0,10,1
Earth,Burgas,42.470001N,27.458303E,0,5,1
Earth,Burketown,17.553612S,139.737930E,0,10,1
Earth,Burnie,41.052776S,145.908127E,0,20,2
Earth,Bushehr,28.984722N,50.836868E,0,20,2
Earth,Cabinda,5.550000S,12.190224E,0,10,1
Earth,Cabo Rojo,17.925278N,71.654945W,0,20,2
Earth,Cabo San Lucas,22.883888N,109.900703W,0,75,3
Earth,Cadiz,36.520000N,6.258834W,0,5,1
Earth,Caen,49.190556N,0.326384W,0,10,1
Earth,Cagliari,39.204166N,9.107597E,0,20,2
Earth,Caibarien,22.529167N,79.469315W,0,5,1
Earth,Cairns,16.929722S,145.775497E,0,30,2
Earth,Calabar,4.986389N,8.316843E,0,10,1
Earth,Calais,50.965832N,1.850177E,0,30,2
Earth,Calcutta,22.549999N,88.309998E,0,10,1
Earth,Caleta Olivia,46.433056S,67.508484W,0,10,1
Earth,Callao,12.045278S,77.141815W,0,5,1
Earth,Calvi,42.565834N,8.755301E,0,10,1
Earth,Cambridge,38.574165N,76.071083W,0,10,1
Earth,Campana,34.153332S,58.951412W,0,5,1
Earth,Campbell River,50.031944N,125.238632W,0,10,1
Earth,Campeche,19.812500N,90.590401W,0,10,1
Earth,Canakkale,40.264721N,26.521967E,0,50,3
Earth,Canea,35.518055N,24.009718E,0,50,3
Earth,Cannes,43.548054N,7.009187E,0,20,2
Earth,Cape Town,33.909168S,18.435276E,0,75,3
Earth,Caraquet,47.796391N,64.924614W,0,5,1
Earth,Carnarvon,24.895000S,113.642876E,0,10,1
Earth,Cartagena,10.403334N,75.525681W,0,10,3
Earth,Cartagena,37.589443N,0.985983W,0,50,3
Earth,Casablanca,33.608891N,7.600177W,0,30,2
Earth,Castro,42.482777S,73.766846W,0,10,1
Earth,Catania,37.495834N,15.090931E,0,10,1
Earth,Cayenne,4.853055N,52.271969W,0,5,1
Earth,Cayenne,4.935278N,52.336159W,0,30,2
Earth,Cebu,10.306389N,123.922676E,0,30,2
Earth,Ceuta,35.890278N,5.310424W,0,10,1
Earth,Chanaral,26.350555S,70.634392W,0,10,1
Earth,Chang Sha,28.200001N,112.980003E,0,10,1
Earth,Charleston,32.822224N,79.923553W,0,50,3
Earth,Charlottetown,46.231667N,63.118965W,0,30,2
Earth,Chatham,47.034443N,65.467728W,0,5,1
Earth,Cheboygan,45.650002N,84.459999W,0,10,1
Earth,Cherbourg,49.646389N,1.620377W,0,10,1
Earth,Cherbourg,49.652222N,1.617550W,0,20,2
Earth,Chesapeake,36.722500N,76.239517W,0,10,1
Earth,Chicago,41.880001N,87.599998W,0,75,3
Earth,Chicoutimi,48.430000N,71.052650W,0,5,1
Earth,Chimbote,9.076667S,78.607773W,0,10,1
Earth,Chios,38.377224N,26.137751E,0,20,2
Earth,Chittagong,22.268888N,91.825851E,0,50,3
Earth,Cienfuegos,22.139999N,80.453712W,0,20,2
Earth,Civitavecchia,42.098888N,11.775678E,0,75,3
Earth,Clarenville,48.163334N,53.956890W,0,5,1
Earth,Cleveland,41.500000N,81.709999W,0,30,2
Earth,Coatzacoalcos,18.129723N,94.418961W,0,10,1
Earth,Cochin,9.960000N,76.230003E,0,10,1
Earth,Coffs Harbour,30.307501S,153.141464E,0,10,1
Earth,Colombo,6.951389N,79.850174E,0,30,2
Earth,Colon,9.373333N,79.885101W,0,75,3
Earth,Colonia,34.471668S,57.842167W,0,20,2
Earth,Comodoro Rivadavia,45.855835S,67.459892W,0,30,2
Earth,Comox,49.670834N,124.924438W,0,5,1
Earth,Conakry,9.516389N,13.709894W,0,50,3
Earth,Cooktown,15.459723S,145.243759E,0,10,1
Earth,Coos Bay,43.360001N,124.209999W,0,20,2
Earth,Cordova,60.549999N,145.756363W,0,20,2
Earth,Corfu,39.621948N,19.910572E,0,10,1
Earth,Corinto,12.481944N,87.169144W,0,30,2
Earth,Cork,51.901112N,8.424440W,0,20,2
Earth,Corner Brook,48.960556N,57.936337W,0,5,1
Earth,Coronel,37.028332S,73.153358W,0,5,1
Earth,Corpus Christi,27.812778N,97.404594W,0,20,2
Earth,Corralejo,28.741388N,13.858834W,0,10,1
Earth,Cotonou,6.346667N,2.422320E,0,75,3
Earth,Cozumel,20.495001N,86.957420W,0,10,1
Earth,Cristobal,9.350278N,79.904770W,0,5,1
Earth,Crotone,39.086113N,17.123381E,0,5,1
Earth,Cumana,10.474167N,64.187752W,0,10,1
Earth,Curacao,12.119166N,68.918259W,0,10,1
Earth,Cuxhaven,53.864723N,8.707244E,0,5,1
Earth,Da Nang,16.082222N,108.223206E,0,30,2
Earth,Dakar,14.682222N,17.425148W,0,50,3
Earth,Dakhla,23.682222N,15.933864W,0,10,1
Earth,Dalian,38.933613N,121.650352E,0,50,3
Earth,Damietta,31.466667N,31.759188E,0,5,1
Earth,Dar es Salaam,6.834445S,39.293404E,0,75,3
Earth,Daru,9.068334S,143.206543E,0,10,1
Earth,Darwin,12.470278S,130.854950E,0,75,3
Earth,Davao,7.060000N,125.610001E,0,10,1
Earth,Deauville,49.365833N,0.073380E,0,5,1
Earth,Delfzijl,53.320557N,6.955477E,0,5,1
Earth,Den Helder,52.958057N,4.783687E,0,5,1
Earth,Derby,17.292223S,123.605125E,0,10,1
Earth,Detroit,42.330002N,83.029999W,0,50,3
Earth,Devonport,41.167778S,146.367554E,0,30,2
Earth,Dieppe,49.926388N,1.085984E,0,20,2
Earth,Digby,44.625278N,65.752296W,0,5,1
Earth,Djibouti,11.601944N,43.135632E,0,30,2
Earth,Djupivogur,64.660553N,14.286513W,0,10,1
Earth,Doha,25.298056N,51.555653E,0,30,2
Earth,Dordrecht,51.805832N,4.651413E,0,5,1
Earth,Douala,4.055000N,9.685630E,0,30,2
Earth,Douglas,54.150002N,4.460000W,0,5,1
Earth,Dover,51.120834N,1.322144E,0,30,2
Earth,Drammen,59.736668N,10.224971E,0,5,1
Earth,Dubai,25.267221N,55.269318E,0,75,3
Earth,Dublin,53.344444N,6.206007W,0,50,3
Earth,Dubrovnik,42.660000N,18.076384E,0,75,3
Earth,Duluth,46.759998N,92.099998W,0,30,2
Earth,Dumaguete,9.311944N,123.308128E,0,10,1
Earth,Dundee,56.459999N,2.960000W,0,5,1
Earth,Dunedin,45.875832S,170.519318E,0,10,1
Earth,Dunkerque,51.021667N,2.170907E,0,30,2
Earth,Durban,29.881111S,31.023380E,0,50,3
Earth,Durres,41.307777N,19.453003E,0,10,1
Earth,East London,33.025276S,27.904770E,0,20,2
Earth,Eckernforde,54.473610N,9.835807E,0,5,1
Earth,Eden,37.071945S,149.905304E,0,10,1
Earth,Elat,29.549999N,34.950001E,0,10,1
Earth,Emden,53.346111N,7.192874E,0,20,2
Earth,Ensenada,31.850834N,116.622849W,0,20,2
Earth,Erie,42.150002N,80.099998W,0,20,2
Earth,Esbjerg,55.465557N,8.433864E,0,20,2
Earth,Escanaba,45.759998N,87.050003W,0,5,1
Earth,Esmeraldas,0.989444N,79.642700W,0,10,1
Earth,Esperance,33.871944S,121.893402E,0,10,1
Earth,Esquimalt,48.436390N,123.434395W,0,5,1
Earth,Eureka,40.799999N,124.180000W,0,30,2
Earth,Europoort,51.950001N,4.110000E,0,10,1
Earth,Falkenberg,56.889446N,12.476384E,0,5,1
Earth,Falmouth,50.152779N,5.053534W,0,5,1
Earth,Famagusta,35.127777N,33.940048E,0,5,1
Earth,Faro,37.010555N,7.926031W,0,10,1
Earth,Farsund,58.088612N,6.789870E,0,10,1
Earth,Faskrudsfjordur,64.929726N,14.008834W,0,10,1
Earth,Fecamp,49.761944N,0.369494E,0,5,1
Earth,Ferrol,43.479721N,8.250883W,0,5,1
Earth,Fiumicino,41.755833N,12.235454E,0,10,1
Earth,Flensburg,54.803333N,9.436867E,0,20,2
Earth,Floro,61.597778N,5.002827E,0,10,1
Earth,Fort-de-France,14.599167N,61.056889W,0,30,2
Earth,Fortaleza,3.717500S,38.521439W,0,10,1
Earth,Fox Bay,51.955555S,60.070732W,0,30,2
Earth,Fredericia,55.558056N,9.740577E,0,30,2
Earth,Frederikshavn,57.437778N,10.541461E,0,5,1
Earth,Freeport,26.538410N,78.727661W,0,5,1
Earth,Freetown,8.494166N,13.207951W,0,50,3
Earth,Fremantle,32.047501S,115.738106E,0,5,1
Earth,Frontera,18.530277N,92.652122W,0,5,1
Earth,Fushiki,36.775833N,137.108475E,0,5,1
Earth,Fuzhou,26.047501N,119.300529E,0,50,3
Earth,Galati,45.441666N,28.083864E,0,5,1
Earth,Galle,6.033333N,80.224968E,0,5,1
Earth,Gallipoli,40.055832N,17.975677E,0,5,1
Earth,Galveston,29.304167N,94.817902W,0,75,3
Earth,Galway,53.270000N,9.043757W,0,20,2
Earth,Gary,41.610001N,87.330002W,0,10,1
Earth,Gaspe,48.824444N,64.437218W,0,20,2
Earth,Gavle,60.684444N,17.192698E,0,20,2
Earth,Gdansk,54.393333N,18.668787E,0,10,1
Earth,Gdynia,54.533333N,18.538458E,0,10,1
Earth,Geelong,38.126667S,144.387390E,0,20,2
Earth,General Santos,6.086111N,125.154243E,0,10,1
Earth,Gent (Ghent),51.114445N,3.767373E,0,20,2
Earth,George Town,41.109722S,146.820206E,0,10,1
Earth,Georgetown,6.819445N,58.167198W,0,30,2
Earth,Geraldton,28.772778S,114.600708E,0,10,1
Earth,Gibraltar,36.136944N,5.357244W,0,50,3
Earth,Gijon,43.558613N,5.688634W,0,20,2
Earth,Gisborne,38.672501S,178.022491E,0,20,2
Earth,Gizo,8.101389S,156.838806E,0,10,1
Earth,Gladstone,23.830000S,151.251770E,0,20,2
Earth,Glasgow,55.863056N,4.303180W,0,50,3
Earth,Gloucester City,39.903610N,75.122673W,0,5,1
Earth,Goderich,43.750000N,81.730003W,0,5,1
Earth,Golfito,8.637777N,83.166664W,0,20,2
Earth,Gonaives,19.448334N,72.703712W,0,5,1
Earth,Goose Bay,53.384445N,60.342342W,0,10,1
Earth,Goteborg,57.689167N,11.870024E,0,30,2
Earth,Grand Bank,47.100277N,55.751060W,0,5,1
Earth,Granville,48.834721N,1.601060W,0,20,2
Earth,Great Yarmouth,52.610001N,1.730000E,0,5,1
Earth,Green Bay,44.509998N,88.010002W,0,30,2
Earth,Greenock,55.954723N,4.756714W,0,5,1
Earth,Greymouth,42.444721S,171.200531E,0,20,2
Earth,Groningen,53.218334N,6.586867E,0,10,1
Earth,Guangzhou,22.640278N,113.671082E,0,10,3
Earth,Guangzhou,23.094166N,113.409363E,0,75,3
Earth,Guanta,10.249166N,64.590401W,0,5,1
Earth,Guayaquil,2.284167S,79.902473W,0,75,3
Earth,Guaymas,27.919167N,110.868790W,0,20,2
Earth,Gulfport,30.358612N,89.088455W,0,20,2
Earth,Gunsan,35.959721N,126.588104E,0,10,1
Earth,Gwadar,25.112223N,62.338634E,0,10,1
Earth,Gythion,36.759998N,22.567551E,0,75,3
Earth,Hachinohe,40.545834N,141.523560E,0,10,1
Earth,Haderslev,55.251110N,9.504417E,0,5,1
Earth,Hai Phong,20.867222N,106.675148E,0,10,1
Earth,Haifa,32.822498N,35.018257E,0,50,3
Earth,Haikou,20.027779N,110.274971E,0,30,2
Earth,Haimen,28.690277N,121.441811E,0,5,1
Earth,Hakodate,41.787777N,140.709015E,0,20,2
Earth,Halden,59.118057N,11.375324E,0,5,1
Earth,Halifax,44.656944N,63.574440W,0,30,2
Earth,Halmstad,56.654999N,12.850000E,0,20,2
Earth,Hamburg,53.524723N,9.958481E,0,30,2
Earth,Hamilton,32.291111N,64.776382W,0,30,2
Earth,Hamilton,43.250000N,79.849998W,0,10,1
Earth,Hammerfest,70.667221N,23.671083E,0,20,2
Earth,Hankow,30.580000N,114.279999E,0,10,1
Earth,Harbour Grace,47.690277N,53.217018W,0,5,1
Earth,Harnosand,62.640835N,17.938810E,0,5,1
Earth,Harstad,68.789169N,16.541637E,0,5,1
Earth,Haugesund,59.412224N,5.255654E,0,20,2
Earth,Helgoland,54.177502N,7.891284E,0,10,1
Earth,Helsingborg,56.033333N,12.687573E,0,20,2
Earth,Helsingor,56.034443N,12.617020E,0,5,1
Earth,Helsinki,60.160000N,24.959999E,0,50,3
Earth,Hilo,19.733334N,155.068604W,0,30,2
Earth,Hiroshima,34.365276N,132.421432E,0,30,2
Earth,Ho Chi Minh City,10.793889N,106.721786E,0,50,3
Earth,Hobart,42.880280S,147.335800E,0,30,2
Earth,Hodeidah,14.833611N,42.935276E,0,30,2
Earth,Hoganas,56.198612N,12.541461E,0,5,1
Earth,Honfleur,49.422222N,0.235100E,0,30,2
Earth,Hong Kong,22.321112N,114.156181E,0,50,3
Earth,Honolulu,21.309444N,157.873734W,0,75,3
Earth,Horsens,55.854168N,9.868433E,0,5,1
Earth,Horta,38.529999N,28.621967W,0,20,2
Earth,Houghton,47.110001N,88.559998W,0,10,1
Earth,Houston,29.739166N,95.202118W,0,30,2
Earth,Hudiksvall,61.721668N,17.118610E,0,20,2
Earth,Huelva,37.192780N,6.935807W,0,5,1
Earth,Hull,53.743610N,0.285100W,0,10,1
Earth,Ibiza,38.900002N,1.450000E,0,10,1
Earth,Ilheus,14.780278S,39.025677W,0,20,2
Earth,Ilo,17.646944S,71.343758W,0,10,1
Earth,Imabari,34.068054N,133.006180E,0,5,1
Earth,Imperia,43.882778N,8.026914E,0,5,1
Earth,Ingeniero White/Bahia Blanca,38.791943S,62.259895W,0,5,1
Earth,Inverness,57.486668N,4.234747W,0,30,2
Earth,Iquique,20.202778S,70.151764W,0,30,2
Earth,Iraklion,35.345554N,25.141108E,0,30,2
Earth,Isabela de Sagua,22.940277N,80.007599W,0,5,1
Earth,Ischia,40.745277N,13.938104E,0,50,3
Earth,Ishigaki,24.335556N,124.151237E,0,10,1
Earth,Istanbul,41.012779N,28.993404E,0,75,3
Earth,Iwakuni,34.176945N,132.235275E,0,5,1
Earth,Izmir,38.443890N,27.153887E,0,30,2
Earth,Jacksonville,30.380833N,81.559189W,0,5,3
Earth,Jacksonville,30.380833N,81.559189W,0,50,3
Earth,Jacmel,18.231667N,72.535980W,0,10,1
Earth,Jawaharlal Nehru Port,18.950001N,72.930000E,0,10,1
Earth,Jeddah,21.458611N,39.159012E,0,50,3
Earth,Jeremie,18.643612N,74.107071W,0,10,1
Earth,Jiangmen,22.502501N,113.001945E,0,20,2
Earth,Jiangyin,31.931944N,120.221260E,0,10,1
Earth,Jizan,16.890278N,42.535278E,0,20,2
Earth,Joensuu,62.604443N,29.777090E,0,10,1
Earth,Jubail,27.028610N,49.670906E,0,5,1
Earth,Jubail,27.087778N,49.673027E,0,5,1
Earth,Juneau,58.379166N,134.670029W,0,30,2
Earth,Kagoshima,31.592501N,130.568787E,0,20,2
Earth,Kainan,34.153057N,135.188461E,0,5,1
Earth,Kakinada,16.977777N,82.274620E,0,5,1
Earth,Kalamata,37.022778N,22.108128E,0,20,2
Earth,Kaliningrad,54.700001N,20.455477E,0,30,2
Earth,Kalmar,56.659168N,16.369141E,0,20,2
Earth,Kalundborg,55.669445N,11.085983E,0,5,1
Earth,Kanazawa,36.616943N,136.606537E,0,5,1
Earth,Kandalaksha,67.135002N,32.404945E,0,5,1
Earth,Kandla,23.013611N,70.222321E,0,20,2
Earth,Kaohsiung,22.565277N,120.307068E,0,30,2
Earth,Kaolack,14.129444N,16.071966W,0,10,1
Earth,Karachi,24.834999N,66.973732E,0,75,3
Earth,Karlshamn,56.162498N,14.858304E,0,5,1
Earth,Karlskrona,56.160000N,15.585983E,0,5,1
Earth,Karlstad,59.375278N,13.520200E,0,10,1
Earth,Karumba,17.489445S,140.833328E,0,10,1
Earth,Katakolon,37.646389N,21.318609E,0,50,3
Earth,Kavala,40.931389N,24.401943E,0,20,2
Earth,Kavieng,2.584722S,150.786697E,0,20,2
Earth,Kawasaki,35.506390N,139.743759E,0,5,1
Earth,Keelung,25.220760N,121.725838E,0,5,1
Earth,Kemaman,4.249444N,103.459190E,0,5,1
Earth,Kemi,65.730003N,24.559999E,0,10,1
Earth,Kerch,45.355000N,36.485630E,0,5,1
Earth,Ketchikan,55.346943N,131.671265W,0,20,2
Earth,Khabarovsk,48.500000N,135.160004E,0,10,1
Earth,Kherson,46.618610N,32.607422E,0,20,2
Earth,Kholmsk,47.050556N,142.040054E,0,5,1
Earth,Khorramshahr,30.432501N,48.185455E,0,10,1
Earth,Kiel,54.330833N,10.156891E,0,50,3
Earth,Kieta,6.215278S,155.626907E,0,20,2
Earth,Kingscote,35.654999S,137.639511E,0,10,1
Earth,Kingston,17.981667N,76.824791W,0,50,3
Earth,Kingstown,13.169167N,61.242874W,0,30,2
Earth,Kirkenes,69.728333N,30.055655E,0,20,2
Earth,Kismayu,0.374167S,42.541107E,0,10,1
Earth,Kitakyushu,33.922501N,130.854233E,0,50,3
Earth,Klaipeda,55.687222N,21.134216E,0,20,2
Earth,Kobe,34.684166N,135.238098E,0,30,2
Earth,Kochi,33.524166N,133.557068E,0,20,2
Earth,Kodiak,57.779999N,152.399994W,0,20,2
Earth,Kokura,33.908333N,130.873550E,0,5,1
Earth,Kolding,55.492779N,9.493404E,0,5,1
Earth,Korsakov,46.626667N,142.758484E,0,5,1
Earth,Kos,36.894444N,27.289871E,0,10,1
Earth,Kota Kinabalu,5.980000N,116.059998E,0,10,1
Earth,Kotka,60.461113N,26.941814E,0,5,1
Earth,Kourou,5.158889N,52.624264W,0,30,2
Earth,Kralendijk. Bonaire,12.148334N,68.273560W,0,50,3
Earth,Kristiansand,58.141945N,7.986337E,0,10,1
Earth,Kristiansund,63.115002N,7.733333E,0,20,2
Earth,Kronshtadt,59.986946N,29.767374E,0,5,1
Earth,Kuching,1.560000N,110.349998E,0,10,1
Earth,Kuopio,62.888332N,27.689871E,0,10,1
Earth,Kupang,10.160000S,123.580002E,0,10,1
Earth,Kushiro,42.988609N,144.352295E,0,20,2
Earth,La Ceiba,15.793889N,86.756889W,0,10,1
Earth,La Guaira,10.602777N,66.940224W,0,30,2
Earth,La Maddalena,41.213333N,9.409364E,0,5,1
Earth,La Pallice,46.157223N,1.223910W,0,5,1
Earth,La Palma,8.413611N,78.151062W,0,10,1
Earth,La Paz,24.169445N,110.310425W,0,10,1
Earth,La Plata,34.855278S,57.890224W,0,20,2
Earth,La Rochelle,46.146667N,1.157774W,0,20,2
Earth,La Spezia,44.087223N,9.850353E,0,5,1
Earth,Lae,6.741111S,146.984741E,0,10,1
Earth,Laem Chabang,13.073889N,100.890930E,0,5,1
Earth,Lampedusa,35.499168N,12.602473E,0,10,1
Earth,Lamu,2.268055S,40.901588E,0,10,1
Earth,Larnaca,34.924168N,33.639339E,0,30,2
Earth,Larvik,59.045277N,10.025500E,0,5,1
Earth,Las Palmas de Gran Canaria,28.141066N,15.425130W,0,50,3
Earth,Le Havre,49.466946N,0.173734E,0,75,3
Earth,Leith,55.982498N,3.171790W,0,5,1
Earth,Leixoes,41.185001N,8.692874W,0,5,1
Earth,Lhokseumawe,5.166667N,97.142876E,0,10,1
Earth,Lianyungang,34.745277N,119.408478E,0,10,1
Earth,Libreville,0.400833N,9.433686E,0,30,2
Earth,Licata,37.090279N,13.938280E,0,5,1
Earth,Lidkoping,58.509167N,13.159364E,0,10,1
Earth,Liepaja,56.509998N,21.010000E,0,10,1
Earth,Limassol,34.650002N,33.017727E,0,30,2
Earth,Limerick,52.662777N,8.633333W,0,30,2
Earth,Lisboa,38.700001N,9.160000W,0,10,1
Earth,Liverpool,44.043335N,64.703712W,0,75,3
Earth,Liverpool,53.436390N,3.007244W,0,20,3
Earth,Livorno,43.555832N,10.301944E,0,50,3
Earth,Lobito,12.336945S,13.569317E,0,30,2
Earth,Lome,6.139167N,1.284923E,0,30,2
Earth,London,51.502777N,0.067197W,0,75,3
Earth,Londonderry,55.000000N,7.310000W,0,5,1
Earth,Long Beach,33.748890N,118.200706W,0,50,3
Earth,Longview,46.112778N,122.967018W,0,30,2
Earth,Longyearbyen,78.226112N,15.623734E,0,10,1
Earth,Loreto,26.014723N,111.336868W,0,10,1
Earth,Lorient,47.734165N,3.352120W,0,20,2
Earth,Los Angeles,33.731945N,118.259720W,0,75,3
Earth,Lota,37.098057S,73.158478W,0,5,1
Earth,Luanda,8.783889S,13.250883E,0,50,3
Earth,Luderitz,26.637777S,15.153710E,0,20,2
Earth,Lulea,65.578888N,22.158304E,0,30,2
Earth,Lyttelton,43.606110S,172.710251E,0,5,1
Earth,Macapa,0.032222N,51.042698W,0,10,1
Earth,Maceio,9.678889S,35.722321W,0,20,2
Earth,Mackay,21.108334S,149.223740E,0,20,2
Earth,Madang,5.213333S,145.800354E,0,10,1
Earth,Madras,13.100000N,80.300003E,0,10,1
Earth,Maizuru,35.481667N,135.385284E,0,5,1
Earth,Malacca,2.248889N,102.123383E,0,10,1
Earth,Malaga,36.709446N,4.418257W,0,75,3
Earth,Male,4.175000N,73.507065E,0,50,3
Earth,Mali Losinj,44.538334N,14.457597E,0,10,1
Earth,Malindi,3.213611S,40.123028E,0,20,2
Earth,Malmo,55.625557N,13.001590E,0,20,2
Earth,Manado,1.481944N,124.825851E,0,30,2
Earth,Manakara,22.142500S,48.018787E,0,10,1
Earth,Mananjary,21.249166S,48.326206E,0,10,1
Earth,Manfredonia,41.624168N,15.925323E,0,10,1
Earth,Mangalore,12.926945N,74.807419E,0,10,1
Earth,Manila,14.524167N,120.943405E,0,75,3
Earth,Manta,0.935556S,80.720909W,0,10,1
Earth,Manzanillo,19.070555N,104.300880W,0,20,2
Earth,Manzanillo,20.337500N,77.133507W,0,20,2
Earth,Maputo,25.972778S,32.557068E,0,30,2
Earth,Mar del Plata,38.042778S,57.533333W,0,30,2
Earth,Maracaibo,10.683611N,71.588280W,0,30,2
Earth,Marghera,45.453056N,12.240577E,0,75,3
Earth,Mariel,23.006390N,82.756004W,0,30,2
Earth,Marsala,37.789722N,12.435453E,0,5,1
Earth,Marsaxlokk,35.826111N,14.541284E,0,75,3
Earth,Marseille,43.329445N,5.341284E,0,75,3
Earth,Maryborough,25.295000S,152.906006E,0,10,1
Earth,Masbate,12.368055N,123.619850E,0,20,2
Earth,Massawa,15.610000N,39.459999E,0,10,1
Earth,Masset,54.006668N,132.141113W,0,10,1
Earth,Matane,48.841946N,67.571259W,0,10,1
Earth,Matanzas,23.051390N,81.537041W,0,20,2
Earth,Matarani,16.997778S,72.104240W,0,5,1
Earth,Matsusaka,34.608055N,136.553360E,0,5,1
Earth,Matsuyama,33.855278N,132.693405E,0,10,1
Earth,Mayaguez,18.213888N,67.156891W,0,10,1
Earth,Mazatlan,23.192223N,106.393402W,0,30,2
Earth,Melbourne,37.832779S,144.917191E,0,75,3
Earth,Melilla,35.279999N,2.922850W,0,10,1
Earth,Menominee,45.099998N,87.599998W,0,5,1
Earth,Mersin,36.796944N,34.640575E,0,5,1
Earth,Messina,38.200279N,15.559187E,0,5,1
Earth,Miami,25.775000N,80.167023W,0,75,3
Earth,Midland,44.750000N,79.910004W,0,5,1
Earth,Milwaukee,43.029999N,87.879997W,0,20,2
Earth,Mina Sulman Port,26.198610N,50.607597E,0,5,1
Earth,Minatitlan,17.975834N,94.534569W,0,5,1
Earth,Miri,4.380000N,113.959999E,0,10,1
Earth,Miyazu,35.543335N,135.193405E,0,5,1
Earth,Mo i Rana,66.315002N,14.123734E,0,20,2
Earth,Mobile,30.711390N,88.037750W,0,75,3
Earth,Mocambique,15.030000S,40.730000E,0,10,1
Earth,Mogadishu,2.028889N,45.340931E,0,30,2
Earth,Moin,10.005555N,83.074089W,0,5,1
Earth,Molde,62.736389N,7.157421E,0,20,2
Earth,Molfetta,41.208332N,16.587749E,0,5,1
Earth,Mollendo,17.031111S,72.010246W,0,10,1
Earth,Mombasa,4.053056S,39.622143E,0,50,3
Earth,Monaco,43.731945N,7.420907E,0,30,2
Earth,Monfalcone,45.788612N,13.552650E,0,5,1
Earth,Mongla,22.486944N,89.585983E,0,10,1
Earth,Monopoli,40.956112N,17.300354E,0,5,1
Earth,Monrovia,6.345556N,10.793757W,0,30,2
Earth,Montego Bay,18.467501N,77.935455W,0,75,3
Earth,Monterey,36.605556N,121.888985W,0,5,1
Earth,Montevideo,34.900555S,56.204239W,0,30,2
Earth,Montreal,45.543610N,73.524620W,0,50,3
Earth,Montrose,56.704445N,2.467903W,0,5,1
Earth,Morlaix,48.585278N,3.834924W,0,20,2
Earth,Morondava,20.288610S,44.271969E,0,10,1
Earth,Moroni,11.701389S,43.243229E,0,30,2
Earth,Mosjoen,65.851944N,13.186867E,0,20,2
Earth,Moss,59.432220N,10.652827E,0,5,1
Earth,Mossel Bay,34.375278S,21.418257E,0,20,2
Earth,Mostaganem,35.934444N,0.071260E,0,5,1
Earth,Mucuripe,3.707500S,38.473206W,0,5,1
Earth,Mukalla,14.522223N,49.143757E,0,20,2
Earth,Murmansk,68.972504N,33.041462E,0,20,2
Earth,Muroran,42.335835N,140.954071E,0,5,1
Earth,Muscat,23.606667N,58.409012E,0,30,2
Earth,Muskegon,43.230000N,86.260002W,0,10,1
Earth,Nacala,14.541389S,40.667198E,0,10,1
Earth,Nagasaki,32.740276N,129.859543E,0,30,2
Earth,Nakhodka,42.799999N,132.886154E,0,5,1
Earth,Nakhodka,42.804722N,132.907593E,0,5,1
Earth,Nakskov,54.832222N,11.121083E,0,5,1
Earth,Namibe,15.193611S,12.135453E,0,20,2
Earth,Namsos,64.464165N,11.490047E,0,10,1
Earth,Nanaimo,49.169445N,123.926384W,0,30,2
Earth,Nanisivik,73.068611N,84.543053W,0,10,1
Earth,Nanjing,32.080002N,118.750000E,0,10,1
Earth,Nanortalik,60.139721N,45.238102W,0,10,1
Earth,Napier,39.474998S,176.918076E,0,20,2
Earth,Narvik,68.438614N,17.418610E,0,20,2
Earth,Nassau,25.076666N,77.321259W,0,75,3
Earth,Natal,5.783056S,35.200001W,0,20,2
Earth,Navegantes,26.898890S,48.654240W,0,10,1
Earth,Nawiliwili,21.953888N,159.352997W,0,5,1
Earth,Nelson,41.259724S,173.271973E,0,30,2
Earth,New Amsterdam,6.237778N,57.521790W,0,10,1
Earth,New Haven,41.286388N,72.909538W,0,20,2
Earth,New Orleans,29.934200N,90.056374W,0,5,1
Earth,New Plymouth,39.057220S,174.037750E,0,20,2
Earth,New Richmond,48.138611N,65.834923W,0,10,1
Earth,New York,40.688332N,74.024261W,0,75,3
Earth,Newark,40.700001N,74.137222W,0,20,2
Earth,Newcastle upon Tyne,54.965000N,1.590930W,0,10,1
Earth,Newcastle,32.907501S,151.769135E,0,20,2
Earth,Newport News,36.980556N,76.426208W,0,5,1
Earth,Newport News,36.980556N,76.426208W,0,5,1
Earth,Newport,41.482498N,71.324440W,0,50,3
Earth,Newport,51.558887N,2.984747W,0,5,3
Earth,Nicaro,20.713333N,75.550880W,0,10,1
Earth,Nice,43.693890N,7.285630E,0,75,3
Earth,Nieuw Nickerie,5.951667N,57.001766W,0,20,2
Earth,Niigata,37.955002N,139.124786E,0,5,1
Earth,Niihama,33.970833N,133.259537E,0,20,2
Earth,Ningbo,29.866667N,121.553360E,0,30,2
Earth,Nishinoomote,30.731667N,130.985626E,0,10,1
Earth,Niteroi,22.879168S,43.124619W,0,5,1
Earth,Nome,64.498337N,165.425140W,0,30,2
Earth,Nordenham,53.487499N,8.489517E,0,5,1
Earth,Norfolk,36.901943N,76.292519W,0,75,3
Earth,Norrkoping,58.610279N,16.225677E,0,30,2
Earth,North Sydney,46.208889N,60.239342W,0,5,1
Earth,Nouadhibou,20.907499N,17.041815W,0,20,2
Earth,Nouakchott,18.035278N,16.021437W,0,30,2
Earth,Noumea,22.259722S,166.425858E,0,30,2
Earth,Novorossiysk,44.715000N,37.804417E,0,5,1
Earth,Nueva Gerona,21.903334N,82.793228W,0,10,1
Earth,Nuevitas,21.563055N,77.239517W,0,5,1
Earth,Nunukan,4.145555N,117.654945E,0,10,1
Earth,Nyborg,55.298889N,10.806890E,0,5,1
Earth,Nyborg,55.306946N,10.788104E,0,5,1
Earth,Nykobing Falster,54.770832N,11.857067E,0,5,1
Earth,Nynashamn,58.913334N,17.958128E,0,5,1
Earth,Oakland,37.799446N,122.301239W,0,50,3
Earth,Oban,56.410000N,5.460000W,0,5,1
Earth,Ocean Falls,52.350834N,127.688812W,0,20,2
Earth,Ocho Rios,18.410278N,77.106712W,0,10,1
Earth,Odense,55.417500N,10.386867E,0,20,2
Earth,Odense,55.466389N,10.524971E,0,5,1
Earth,Odessa,46.501110N,30.737043E,0,30,2
Earth,Oita,33.272221N,131.676025E,0,20,2
Earth,Olbia,40.922779N,9.517903E,0,20,2
Earth,Olympia,47.053333N,122.900703W,0,20,2
Earth,Omura,32.901669N,129.950348E,0,5,1
Earth,Oostende (Ostend),51.230000N,2.933687E,0,5,1
Earth,Oran,35.712502N,0.636690W,0,20,2
Earth,Oranjestad,12.520000N,70.038811W,0,75,3
Earth,Ornskoldsvik,63.276112N,18.725855E,0,20,2
Earth,Osaka,34.635834N,135.433868E,0,75,3
Earth,Oskarshamn,57.264999N,16.470730E,0,5,1
Earth,Oslo,59.897221N,10.734571E,0,75,3
Earth,Otaru,43.196945N,141.016663E,0,30,2
Earth,Ottawa,45.430000N,75.699997W,0,30,2
Earth,Oulu,65.015831N,25.454594E,0,20,2
Earth,Owen Sound,44.580002N,80.930000W,0,10,1
Earth,Owendo,0.288333N,9.500883E,0,20,2
Earth,Oxelosund,58.661667N,17.107950E,0,5,1
Earth,Pago Pago,14.274167S,170.687927W,0,20,2
Earth,Pajaritos,18.127501N,94.400528W,0,5,1
Earth,Palermo,38.130833N,13.369847E,0,75,3
Earth,Palma de Mallorca,39.551109N,2.625324E,0,75,3
Earth,Panjang,5.460278S,105.307068E,0,10,1
Earth,Pantelleria,36.833332N,11.937927E,0,10,1
Earth,Papeete,17.531111S,149.569672W,0,30,2
Earth,Papenburg,53.096390N,7.368964E,0,5,1
Earth,Paramaribo,5.820000N,55.138988W,0,30,2
Earth,Paranagua,25.500834S,48.519138W,0,30,2
Earth,Parnu,58.381111N,24.474617E,0,10,1
Earth,Paros,37.087776N,25.150707E,0,10,1
Earth,Pasajes,43.323334N,1.918787W,0,5,1
Earth,Pascagoula,30.351389N,88.537224W,0,20,2
Earth,Patras,38.254444N,21.734924E,0,20,2
Earth,Pedregal,8.365000N,82.434570W,0,5,1
Earth,Pelabuhan Sandakan,5.830000N,118.110001E,0,10,1
Earth,Pelotas,31.781944S,52.323734W,0,10,1
Earth,Pemba,12.966666S,40.484924E,0,10,1
Earth,Perth,31.965279S,115.855476E,0,75,3
Earth,Pesaro,43.920834N,12.902473E,0,5,1
Earth,Pescara,42.467777N,14.223734E,0,20,2
Earth,Petersburg,56.810001N,132.949997W,0,10,1
Earth,Petropavlovsk,53.049999N,158.649994E,0,10,1
Earth,Pevek,69.701668N,170.277084E,0,10,1
Earth,Philadelphia,39.895279N,75.134567W,0,50,3
Earth,Philipsburg,18.014444N,63.043758W,0,50,3
Earth,Phnom Penh,11.583055N,104.920906E,0,50,3
Earth,Phuket,7.830000N,98.400002E,0,10,1
Earth,Picton,41.285557S,174.004410E,0,10,1
Earth,Pictou,45.674721N,62.704418W,0,5,1
Earth,Piraeus,37.934444N,23.643051E,0,5,1
Earth,Piraeus,37.937222N,23.656538E,0,5,1
Earth,Piraeus,37.941113N,23.633686E,0,5,1
Earth,Pisco,13.733055S,76.221970W,0,10,1
Earth,Pitea,65.308891N,21.470377E,0,5,1
Earth,Playa del Carmen,20.624445N,87.067726W,0,10,1
Earth,Plymouth,16.703333N,62.219849W,0,30,2
Earth,Plymouth,50.364723N,4.154064W,0,20,2
Earth,Pohang,36.019722N,129.402832E,0,10,1
Earth,Point Lisas,10.388333N,61.489517W,0,5,1
Earth,Pointe-a-Pitre,16.233889N,61.538456W,0,30,2
Earth,Pointe Noire,4.784444S,11.826914E,0,30,2
Earth,Ponce,17.968056N,66.610245W,0,20,2
Earth,Pondicherry,11.914166N,79.822319E,0,20,2
Earth,Ponta Delgada,37.736946N,25.658834W,0,30,2
Earth,Poole,50.714443N,1.986513W,0,5,1
Earth,Porbandar,21.639444N,69.587395E,0,10,1
Earth,Port-au-Prince,18.565834N,72.339691W,0,50,3
Earth,Port Alberni,49.230000N,124.819313W,0,20,2
Earth,Port Angeles,48.130833N,123.435097W,0,20,2
Earth,Port Antonio,18.181110N,76.451767W,0,10,1
Earth,Port Arthur,29.843056N,93.957069W,0,5,1
Earth,Port Arthur,29.843056N,93.957069W,0,5,1
Earth,Port Augusta,32.488609S,137.756714E,0,10,1
Earth,Port Blair,11.672222N,92.723907E,0,20,2
Earth,Port Dickson,2.536111N,101.788635E,0,10,1
Earth,Port Elizabeth,33.961388S,25.635277E,0,50,3
Earth,Port Elizabeth,33.961388S,25.635277E,0,50,3
Earth,Port Everglades,26.084444N,80.108658W,0,20,2
Earth,Port Everglades,26.084444N,80.108658W,0,20,2
Earth,Port Gentil,0.711944S,8.785276E,0,30,2
Earth,Port Harcourt,4.769166N,7.003180E,0,30,2
Earth,Port Hardy,50.721111N,127.483688W,0,10,1
Earth,Port Hawkesbury,45.610001N,61.355652W,0,10,1
Earth,Port Hedland,20.317499S,118.573204E,0,50,3
Earth,Port Kembla,34.462502S,150.893585E,0,20,2
Earth,Port Lincoln,34.718334S,135.869492E,0,20,2
Earth,Port Louis,20.148056S,57.489872E,0,10,1
Earth,Port Moresby,9.467222S,147.151062E,0,30,2
Earth,Port Of Memphis,35.060001N,90.160004W,0,50,3
Earth,Port Pirie,33.176945S,138.007248E,0,20,2
Earth,Port Said,31.253334N,32.306007E,0,75,3
Earth,Port Sudan,19.615833N,37.221615E,0,30,2
Earth,Port Townsend,48.114445N,122.753181W,0,20,2
Earth,Port Vila,17.747223S,168.305832E,0,30,2
Earth,Portland,38.349167S,141.609360E,0,20,2
Earth,Portland,43.653332N,70.239517W,0,20,2
Earth,Portland,45.605835N,122.783684W,0,10,1
Earth,Portmahomack Harbor,57.830002N,3.830000W,0,5,1
Earth,Porto Alegre,30.017500S,51.224087W,0,30,2
Earth,Porto Torres,40.843613N,8.392167E,0,5,1
Earth,Porto,41.141109N,8.618610W,0,30,2
Earth,Portsmouth,36.816666N,76.288277W,0,5,1
Earth,Portsmouth,43.087502N,70.768608W,0,20,2
Earth,Portsmouth,50.807499N,1.100000W,0,20,2
Earth,Poti,42.154999N,41.652828E,0,5,1
Earth,Powell River,49.834999N,124.524796W,0,20,2
Earth,Praia,14.944722N,23.503180W,0,20,2
Earth,Prince Rupert,54.309723N,130.337036W,0,30,2
Earth,Progreso,21.313612N,89.670555W,0,5,1
Earth,Propriano,41.676945N,8.900353E,0,10,1
Earth,Providenciales,21.762777N,72.256004W,0,10,1
Earth,Puerto Barrios,15.728333N,88.604065W,0,20,2
Earth,Puerto Belgrano/Bahia Blanca,38.894444S,62.100883W,0,5,1
Earth,Puerto Cabello,10.477222N,67.993050W,0,20,2
Earth,Puerto Cortes,15.833333N,87.940224W,0,30,2
Earth,Puerto Deseado,47.755554S,65.904060W,0,10,1
Earth,Puerto Galvan/Bahia Blanca,38.783054S,62.300529W,0,5,1
Earth,Puerto Madryn,42.736111S,65.033333W,0,20,2
Earth,Puerto Montt,41.483612S,72.954414W,0,30,2
Earth,Puerto Natales,51.731110S,72.509361W,0,10,1
Earth,Puerto Penasco,31.306110N,113.542343W,0,10,1
Earth,Puerto Plata,19.803612N,70.700531W,0,5,1
Earth,Puerto Vallarta,20.659166N,105.240929W,0,10,1
Earth,Pula,44.871666N,13.834746E,0,20,2
Earth,Pulau Pinang,5.410000N,100.349998E,0,10,1
Earth,Punta Arenas,53.168335S,70.904770W,0,50,3
Earth,Puntarenas,9.981667N,84.804237W,0,50,3
Earth,Qaanaaq,77.466942N,69.235100W,0,10,1
Earth,Qalhat,22.656666N,59.420555E,0,5,1
Earth,Qingdao,36.095833N,120.317017E,0,50,3
Earth,Qinhuangdao,39.906666N,119.585983E,0,5,1
Earth,Quebec,46.805832N,71.209007W,0,30,2
Earth,Quelimane,17.881666S,36.877090E,0,10,1
Earth,Quimper,47.989445N,4.108127W,0,10,1
Earth,Quincy,42.241390N,70.968964W,0,5,1
Earth,Rabaul,4.241111S,152.185104E,0,20,2
Earth,Racine,42.730000N,87.779999W,0,5,1
Earth,Randers,56.460278N,10.052650E,0,5,1
Earth,Ras al Khafji,28.415001N,48.522495E,0,5,1
Earth,Ratnagiri,17.001944N,73.271790E,0,10,1
Earth,Raufarhofn,66.456390N,15.941461W,0,10,1
Earth,Ravenna,44.462223N,12.250354E,0,5,1
Earth,Recife,8.053611S,34.868965W,0,30,2
Earth,Reggio Calabria,38.124443N,15.643758E,0,20,2
Earth,Reykjavik,64.148331N,21.837927W,0,30,2
Earth,Rhodes,36.443611N,28.233509E,0,75,3
Earth,Richards Bay,28.804722S,32.056183E,0,20,2
Earth,Richmond,37.913887N,122.359009W,0,5,1
Earth,Riga,57.007778N,24.088104E,0,75,3
Earth,Rijeka,45.327499N,14.422320E,0,20,2
Earth,Rimouski,48.477779N,68.508125W,0,20,2
Earth,Rio de Janeiro,22.883055S,43.191814W,0,75,3
Earth,Rio Gallegos,51.611668S,69.218254W,0,10,1
Earth,Rio Grande,32.056110S,52.076206W,0,20,2
Earth,Rio Grande,53.794445S,67.702477W,0,10,1
Earth,Rio Haina,18.420279N,70.018082W,0,5,1
Earth,Riviere-du-Loup,47.846668N,69.568077W,0,20,2
Earth,Rochefort,45.949165N,0.953004W,0,20,2
Earth,Rochester,51.434723N,0.685807E,0,10,1
Earth,Rockhampton,23.851110S,151.284210E,0,5,1
Earth,Rockland,44.103054N,69.102119W,0,10,1
Earth,Ronne,55.096111N,14.687750E,0,20,2
Earth,Ronneby,56.174721N,15.300000E,0,20,2
Earth,Rorvik,64.860558N,11.226914E,0,10,1
Earth,Roseau,15.296389N,61.385983W,0,50,3
Earth,Rostock,54.152500N,12.117904E,0,75,3
Earth,Rostov-Na-Donu,47.160000N,39.709999E,0,10,1
Earth,Rota,36.619446N,6.334570W,0,5,1
Earth,Rotterdam,51.927223N,4.292874E,0,30,2
Earth,Rouge River,42.279999N,83.110001W,0,10,1
Earth,Rovinj,45.080555N,13.634923E,0,5,1
Earth,Rudkobing,54.939724N,10.704947E,0,5,1
Earth,Sacramento,38.580002N,121.500000W,0,5,1
Earth,Safaga,26.742222N,33.941284E,0,5,1
Earth,Safi,32.307499N,9.242698W,0,20,2
Earth,Saganoseki,33.251389N,131.869324E,0,5,1
Earth,Saginaw,43.430000N,83.930000W,0,10,1
Earth,Saint-Anthony,51.366665N,55.577091W,0,20,2
Earth,Saint-John's,47.562500N,52.692345W,0,5,1
Earth,Saint-John,45.267776N,66.059891W,0,30,2
Earth,Saint-Malo,48.644444N,2.022851W,0,5,1
Earth,Saint-Tropez,43.270557N,6.633333E,0,50,3
Earth,Saint George's,12.047222N,61.750530W,0,5,1
Earth,Saint George,32.379444N,64.673027W,0,5,1
Earth,Saint John's,17.122778N,61.852295W,0,5,1
Earth,Saipan,15.225833N,145.734924E,0,20,2
Earth,Sakata,38.939445N,139.803528E,0,10,1
Earth,Salalah,16.941668N,54.003181E,0,10,1
Earth,Salina Cruz,16.157223N,95.201942W,0,20,2
Earth,Salvador,12.958611S,38.504772W,0,30,2
Earth,Samcheok,37.433613N,129.188278E,0,10,1
Earth,Samos,37.754444N,26.966667E,0,10,1
Earth,Samsun,41.299721N,36.340401E,0,10,1
Earth,San-Pedro,4.743055N,6.617020W,0,10,1
Earth,San Antonio,33.587502S,71.618080W,0,5,1
Earth,San Diego,32.684444N,117.157242W,0,75,3
Earth,San Francisco,37.788612N,122.400887W,0,75,3
Earth,San Jose,13.915556N,90.841286W,0,50,3
Earth,San Juan,18.436111N,66.091286W,0,75,3
Earth,San Julian,49.299721S,67.718964W,0,10,1
Earth,San Sebastian de la Gomera,28.088055N,17.105124W,0,10,1
Earth,San Sebastian,43.322777N,1.986867W,0,20,2
Earth,Sandefjord,59.123611N,10.224971E,0,5,1
Earth,Sandnessjoen,66.021667N,12.618787E,0,10,1
Earth,Sandspit,53.255280N,131.819672W,0,10,1
Earth,Sankt-Peterburg,59.930000N,30.299999E,0,50,3
Earth,Santa Cruz de La Palma,28.675833N,17.766666W,0,10,1
Earth,Santa Cruz de Tenerife,28.474722N,16.226561W,0,50,3
Earth,Santa Cruz,36.966389N,122.001411W,0,10,1
Earth,Santa Marta,11.251945N,74.217018W,0,20,2
Earth,Santa Rosalia,27.339167N,112.258484W,0,5,1
Earth,Santander,43.442223N,3.804947W,0,20,2
Earth,Santiago de Cuba,20.001667N,75.856712W,0,20,2
Earth,Santo Domingo,18.475277N,69.875854W,0,50,3
Earth,Santos,23.968889S,46.300529W,0,30,2
Earth,Sanya,18.239721N,109.500526E,0,10,1
Earth,Sao Francisco do Sul,26.238056S,48.635452W,0,5,1
Earth,Sasebo,33.156944N,129.707779E,0,5,1
Earth,Sault Ste Marie,46.500000N,84.349998W,0,10,1
Earth,Sault Ste Marie,46.509998N,84.349998W,0,10,1
Earth,Savannah,32.110832N,81.122498W,0,20,2
Earth,Savona,44.311668N,8.489517E,0,75,3
Earth,Savusavu,16.817778S,179.309357E,0,10,1
Earth,Seattle,47.602222N,122.359718W,0,75,3
Earth,Semarang,6.950000S,110.410004E,0,10,1
Earth,Senipah,1.050000S,117.216667E,0,30,2
Earth,Sept-Iles,50.206390N,66.383865W,0,20,2
Earth,Sete,43.404724N,3.710247E,0,5,1
Earth,Setubal,38.489723N,8.821437W,0,5,1
Earth,Sevastopol,44.618889N,33.541462E,0,10,1
Earth,Seydisfjordur,65.262779N,14.004240W,0,30,2
Earth,Shanghai,31.221945N,121.487221E,0,50,3
Earth,Shantou,23.354723N,116.704063E,0,50,3
Earth,Shelburne,43.749722N,65.317726W,0,5,1
Earth,Shimizu,35.014446N,138.509888E,0,5,1
Earth,Shimonoseki,33.934444N,130.901062E,0,20,2
Earth,Shimotsu,34.116390N,135.133331E,0,5,1
Earth,Sibenik,43.726387N,15.891637E,0,5,1
Earth,Silloth,54.860001N,3.400000W,0,5,1
Earth,Sines,37.942780N,8.867020W,0,20,2
Earth,Singapore,1.292778N,103.722145E,0,50,3
Earth,Sinop,42.023335N,35.142876E,0,10,1
Earth,Sint Nicolaas,12.437500N,69.923553W,0,5,1
Earth,Siracusa,37.066113N,15.287574E,0,5,1
Earth,Sitka,57.049999N,135.330002W,0,20,2
Earth,Sitrah,26.158611N,50.658833E,0,5,1
Earth,Skagen,57.718613N,10.588810E,0,5,1
Earth,Skagway,59.450832N,135.322327W,0,10,1
Earth,Skelleftea,64.678337N,21.251766E,0,10,1
Earth,Sligo,54.271667N,8.471260W,0,5,1
Earth,Soderhamn,61.308334N,17.089340E,0,20,2
Earth,Sodertalje,59.169724N,17.659187E,0,5,1
Earth,Sohar,24.378334N,56.737926E,0,5,1
Earth,Sokcho,38.206944N,128.592346E,0,10,1
Earth,Sonderborg,54.906944N,9.776737E,0,20,2
Earth,Songkhla,7.228611N,100.569672E,0,10,1
Earth,Sorel,46.041111N,73.118080W,0,5,1
Earth,Sorong,0.876944S,131.242523E,0,5,1
Earth,Sorong,1.307500S,131.020370E,0,10,1
Earth,Southampton,50.902500N,1.424441W,0,50,3
Earth,Soyo,6.121389S,12.320377E,0,10,1
Earth,Split,43.514999N,16.425501E,0,20,2
Earth,Springdale,49.499722N,56.059895W,0,5,1
Earth,Squamish,49.683056N,123.166664W,0,10,1
Earth,Sriracha,13.171389N,100.918610E,0,5,1
Earth,St Joseph,42.110001N,86.480003W,0,5,1
Earth,St Louis,16.010000N,16.510000W,0,10,1
Earth,St Thomas,18.332123N,64.928413W,0,5,1
Earth,Stavanger,58.978889N,5.737220E,0,20,2
Earth,Stephenville,48.535278N,58.540752W,0,10,1
Earth,Stewart,55.928612N,129.989517W,0,10,1
Earth,Stockholm,59.334999N,18.109364E,0,50,3
Earth,Stockton,37.950554N,121.323029W,0,20,2
Earth,Stokmarknes,68.568336N,14.909894E,0,10,1
Earth,Stord,59.779999N,5.501413E,0,10,1
Earth,Stornoway Harbor,58.180000N,6.360000W,0,10,1
Earth,Strahan,42.158333S,145.320557E,0,10,1
Earth,Subic Bay,14.808333N,120.274796E,0,20,2
Earth,Summerside,46.388611N,63.787045W,0,20,2
Earth,Sunderland,54.906944N,1.356184W,0,5,1
Earth,Surabaya,7.206389S,112.723907E,0,50,3
Earth,Surabaya,7.616667S,113.916664E,0,30,3
Earth,Suva,18.132500S,178.421082E,0,50,3
Earth,Svendborg,55.058613N,10.617020E,0,5,1
Earth,Swinoujscie,53.904999N,14.268610E,0,5,1
Earth,Sydney,33.862221S,151.189163E,0,75,3
Earth,Sydney,46.141945N,60.203003W,0,20,3
Earth,Szczecin,53.430557N,14.585807E,0,50,3
Earth,Tacoma,47.267223N,122.404243W,0,20,2
Earth,Tahsis,49.917500N,126.654060W,0,10,1
Earth,Taichung,24.258333N,120.503883E,0,30,2
Earth,Taipei,25.151945N,121.374619E,0,75,3
Earth,Takamatsu,34.355278N,134.053360E,0,10,1
Earth,Takoradi,4.884167N,1.738457W,0,30,2
Earth,Talara,4.573056S,81.274620W,0,20,2
Earth,Talcahuano,36.705276S,73.102295W,0,5,1
Earth,Tallinn,59.459999N,24.690754E,0,50,3
Earth,Taltal,25.397223S,70.484573W,0,10,1
Earth,Tampa,27.930000N,82.436157W,0,75,3
Earth,Tampico,22.236944N,97.833687W,0,30,2
Earth,Tanga,5.065556S,39.103180E,0,20,2
Earth,Tangier,35.796112N,5.824954W,0,10,1
Earth,Tanjung Pandan,2.750000S,107.627090E,0,20,2
Earth,Tanjung Priok,6.101389S,106.890404E,0,10,1
Earth,Taranto,40.488056N,17.188988E,0,5,1
Earth,Tarragona,41.096111N,1.220200E,0,20,2
Earth,Tauranga,37.659443S,176.174088E,0,20,2
Earth,Teesport,54.608055N,1.157067W,0,5,1
Earth,Tekirdag,40.967499N,27.507950E,0,20,2
Earth,Tel Aviv Yafo,32.060001N,34.759998E,0,10,1
Earth,Tela,15.783889N,87.455833W,0,10,1
Earth,Tema,5.631945N,0.007420E,0,10,1
Earth,Thessaloniki,40.634998N,22.917727E,0,30,2
Earth,Thisted,56.952778N,8.692167E,0,10,1
Earth,Thursday Island,10.585556S,142.218964E,0,20,2
Earth,Tianjin,39.009445N,117.456535E,0,75,3
Earth,Tiksi,71.643059N,128.872849E,0,20,2
Earth,Timaru,44.389168S,171.254242E,0,20,2
Earth,Tin Can Island,6.410000N,3.300000E,0,10,1
Earth,Toamasina,18.157223S,49.421967E,0,10,1
Earth,Tocopilla,22.086111S,70.205650W,0,20,2
Earth,Tokyo,35.624722N,139.788452E,0,30,2
Earth,Tolu,9.520278N,75.585274W,0,10,1
Earth,Tomakomai,42.637501N,141.653351E,0,20,2
Earth,Tonsberg,59.264999N,10.404947E,0,5,1
Earth,Toronto,43.610001N,79.379997W,0,75,3
Earth,Torre Annunziata,40.750000N,14.442874E,0,5,1
Earth,Tottori,35.540279N,134.187927E,0,10,1
Earth,Toulon,43.110554N,5.904770E,0,20,2
Earth,Townsville,19.250834S,146.824799E,0,20,2
Earth,Toyama,36.757221N,137.222672E,0,20,2
Earth,Trabzon,41.005554N,39.736515E,0,10,1
Earth,Trapani,38.013611N,12.503887E,0,20,2
Earth,Travemunde,53.952221N,10.868257E,0,10,1
Earth,Trelleborg,55.368057N,13.151590E,0,5,1
Earth,Trenton,44.099998N,77.559998W,0,5,1
Earth,Tri-City Port,38.709999N,90.199997W,0,50,3
Earth,Trieste,45.645000N,13.754240E,0,30,2
Earth,Trincomalee,8.558333N,81.203888E,0,20,2
Earth,Tripoli,32.907501N,13.193581E,0,10,1
Earth,Tripoli,34.455276N,35.819141E,0,10,1
Earth,Trois-Rivieres (Three Rivers),46.335835N,72.538986W,0,20,2
Earth,Tromso,69.655830N,18.968786E,0,30,2
Earth,Trondheim,63.437778N,10.388987E,0,30,2
Earth,Tuapse,44.091946N,39.066666E,0,5,1
Earth,Tuborg,55.726112N,12.584040E,0,75,3
Earth,Tuktoyaktuk,69.431389N,132.985809W,0,10,1
Earth,Tulcea,45.191113N,28.816843E,0,10,1
Earth,Tumaco,1.813056N,78.759544W,0,10,1
Earth,Tunis,36.799999N,10.250000E,0,10,1
Earth,Turbo,8.087778N,76.733864W,0,10,1
Earth,Turku,60.450001N,22.230000E,0,10,1
Earth,Tuticorin,8.758333N,78.187042E,0,5,1
Earth,Tuxpan,20.940556N,97.370552W,0,5,1
Earth,Tyne,54.994446N,1.440930W,0,10,1
Earth,Ube,33.938332N,131.237747E,0,20,2
Earth,Uddevalla,58.348057N,11.904770E,0,5,1
Earth,Ujungpandang,5.130000S,119.400002E,0,10,1
Earth,Ulsan,35.487778N,129.385635E,0,10,1
Earth,Umea,63.816666N,20.267727E,0,10,1
Earth,Ushuaia,54.809444S,68.300880W,0,20,2
Earth,Uummannaq,70.674721N,52.119141W,0,20,2
Earth,Vaasa,63.099998N,21.580000E,0,10,1
Earth,Vadso,70.071114N,29.737574E,0,20,2
Earth,Valdez,61.103611N,146.357071W,0,10,1
Earth,Valdivia,39.816666S,73.226563W,0,50,3
Earth,Valencia,39.444168N,0.318433W,0,30,2
Earth,Valparaiso,33.035278S,71.619141W,0,75,3
Earth,Vancouver,45.634724N,122.703888W,0,5,3
Earth,Vancouver,49.297779N,123.071434W,0,75,3
Earth,Vanimo,2.683611S,141.292343E,0,20,2
Earth,Vannes,47.643890N,2.756361W,0,10,1
Earth,Vardo,70.373337N,31.103888E,0,20,2
Earth,Varkaus,62.312500N,27.874794E,0,10,1
Earth,Varna,43.194443N,27.888634E,0,30,2
Earth,Vastervik,57.755833N,16.651943E,0,20,2
Earth,Veitsiluoto,65.683052N,24.616667E,0,5,1
Earth,Vejle,55.705555N,9.551944E,0,5,1
Earth,Ventspils,57.403057N,21.537045E,0,5,1
Earth,Veracruz,19.208334N,96.133690W,0,50,3
Earth,Viana do Castelo,41.686390N,8.823027W,0,5,1
Earth,Victoria,48.431110N,123.406540W,0,30,2
Earth,Vigo,42.242500N,8.726208W,0,50,3
Earth,Viru Harbour,8.499722S,157.726028E,0,10,1
Earth,Visakhapatnam,17.693333N,83.287224E,0,30,2
Earth,Visby,57.635555N,18.274618E,0,20,2
Earth,Vitoria,20.323334S,40.335098W,0,20,2
Earth,Vladivostok,43.094444N,131.887756E,0,30,2
Earth,Volos,39.352779N,22.936689E,0,20,2
Earth,Vyborg,60.705002N,28.726383E,0,30,2
Earth,Wakayama,34.223057N,135.127090E,0,5,1
Earth,Wakkanai,45.410557N,141.689163E,0,10,1
Earth,Walvis Bay,22.940556S,14.500530E,0,10,1
Earth,Wanganui,39.944168S,174.989517E,0,20,2
Earth,Waterford,52.266388N,7.118787W,0,50,3
Earth,Waukegan,42.360001N,87.809998W,0,10,1
Earth,Weipa,12.670000S,141.866669E,0,20,2
Earth,Wellington,41.277500S,174.789871E,0,50,3
Earth,Wenzhou,27.998333N,120.884750E,0,20,2
Earth,Westport,41.750278S,171.591278E,0,20,2
Earth,Wewak,3.570000S,143.650528E,0,30,2
Earth,Wexford,52.341110N,6.456184W,0,10,1
Earth,Whangarei,35.751110S,174.342697E,0,20,2
Earth,Whyalla,33.038334S,137.590759E,0,20,2
Earth,Wick,58.430000N,3.080000W,0,5,1
Earth,Wilhelmshaven,53.529999N,8.122144E,0,20,2
Earth,Wilmington,34.191944N,77.952652W,0,5,1
Earth,Wilmington,34.191944N,77.952652W,0,5,1
Earth,Wilmington,39.716667N,75.519844W,0,5,1
Earth,Windsor,42.310001N,83.029999W,0,10,1
Earth,Wismar,53.906387N,11.439164E,0,5,1
Earth,Wrangell,56.459999N,132.380005W,0,10,1
Earth,Wyndham,15.451389S,128.100876E,0,20,2
Earth,Xiamen,24.450001N,118.020027E,0,30,2
Earth,Yangon,16.765833N,96.168785E,0,50,3
Earth,Yantai,37.571110N,121.388985E,0,20,2
Earth,Yantian,22.574167N,114.267021E,0,5,1
Earth,Yap,9.513333N,138.119492E,0,10,1
Earth,Yarmouth,43.835556N,66.120911W,0,20,2
Earth,Yingkou,40.695835N,122.235100E,0,5,1
Earth,Yokohama,35.436390N,139.667374E,0,75,3
Earth,Yokosuka,35.304443N,139.654419E,0,5,1
Earth,Ystad,55.421391N,13.820730E,0,5,1
Earth,Zadar,44.117500N,15.219316E,0,30,2
Earth,Zamboanga,6.902778N,122.071434E,0,30,2
Earth,Zarate,34.098888S,59.004948W,0,5,1
Earth,Zeebrugge,51.336388N,3.204594E,0,5,1
Earth,Zhanjiang,21.169722N,110.406357E,0,10,1
Earth,Zhoushan,30.003334N,122.102654E,0,10,1
Earth,Zhuhai,22.239721N,113.584213E,0,20,2
Earth,Ziguinchor,12.589723N,16.268080W,0,10,1
